type, x coord, y coord
cell, 3.95704, 4.8324
cell, 3.0769, 5.34182
cell, 6.19094, 5.9777
cell, 4.75574, 3.69558
cell, 7.61326, 4.07475
cell, 4.7217, 2.7056
cell, 5.98412, 3.79097
star, 4.49516, 4.96188
star, 5.4061, 5.92878
star, 6.13655, 6.65108
pin, 0, 10
pin, 5, 10
pin, 10, 10
pin, 10, 0
pin, 3, 0
pin, 0, 4
