type, x coord, y coord
cell, 1.83333, 3.09524
cell, 2.78571, 3.09524
cell, 2.40476, 4.04762
star, 2.40476, 4.04762
pin, 0, 5
pin, 5, 5
pin, 2, 0
