type, x coord, y coord
cell, 4.47852, 4.83183
cell, 4.03845, 5.10637
cell, 5.59547, 5.44906
cell, 4.87787, 4.21918
cell, 7.29353, 3.65533
cell, 5.0516, 3.30926
cell, 6.17256, 3.4823
star, 4.74758, 4.90161
star, 6.02811, 6.34682
star, 6.4735, 6.78725
pin, 0, 10
pin, 5, 10
pin, 10, 10
pin, 10, 0
pin, 3, 0
pin, 0, 4
